collection,n_total,n_pass,n_abstain,n_fail,frac_pass,frac_abstain,frac_fail
Hallmark,350.0,261.0,89.0,0.0,0.7457142857142857,0.2542857142857143,0.0
GO,350.0,223.0,127.0,0.0,0.6371428571428571,0.3628571428571429,0.0
Reactome,350.0,259.0,91.0,0.0,0.74,0.26,0.0
KEGG,350.0,236.0,114.0,0.0,0.6742857142857143,0.32571428571428573,0.0
